organisation_code,final_audited_accounts_id,service_id,AA_Code,value
"ORG01","FIN001","","","100"
"ORG01","FIN001","","","100"
"ORG01","FIN002","","","-100"
"ORG01","FIN002","","","-100"
"ORG01","FIN014","","","100"
"ORG01","FIN014","","","100"
"ORG01","FIN015","","","1999.1999"
"ORG01","OEADJ01","","","-100"
"ORG01","","AADJ01","0001","-50"
"ORG01","","AADJ01","A","-50"
"ORG01","","AADJ01","AD1","-50"
"ORG01","","AADJ01","0001","-50"
"ORG01","","AADJ01","A","-50"
"ORG01","","AADJ01","AD1","-50"
"ORG01","","EXC001","","-50"
"ORG01","","EXC002","","-50"
"ORG01","","EXC003","","-50"
"ORG01","","EXC007","","-50"
"ORG01","","EXC008","1001","-50"
"ORG01","","EXC009","","-50"
"ORG01","","EXC010","","-50"
"ORG01","","EXC011","","-50"
"ORG01","","EXC012","","-50"
"ORG01","","EXC013","","-50"
"ORG01","","EXC014","","-500000"
"ORG02","FIN001","","","100"
"ORG02","FIN002","","","-100"
"ORG02","FIN014","","","100"
"ORG02","FIN015","","","1999.1999"
"ORG02","OEADJ01","","","-100"
"ORG02","","AADJ01","0001","-50"
"ORG02","","AADJ01","A","-50"
"ORG02","","AADJ01","AD1","-50"
"ORG02","","EXC001","","-50"
"ORG02","","EXC002","","-50"
"ORG02","","EXC003","","-50"
"ORG02","","EXC007","","-50"
"ORG02","","EXC008","","-50"
"ORG02","","EXC009","","-50"
"ORG02","","EXC010","","-50"
"ORG02","","EXC011","","-50"
"ORG02","","EXC012","","-50"
"ORG02","","EXC013","","-50"
"ORG02","","EXC014","","-500000"
